number,value,datetime_start,datetime_complete,duration,params_colsample_bytree,params_learning_rate,params_max_depth,params_min_child_weight,params_n_estimators,params_reg_alpha,params_reg_lambda,params_subsample,system_attrs_tpe:relative_params:0,state
0,0.17560390945693288,2026-10-10 16:14:04.240823,2026-10-10 16:14:05.886232,0 days 00:00:01.645409,0.8583576452266625,0.0852084800119005,4,27.699275966847946,643,0.05627932047415167,3.6905577292137615,0.7694619197355619,,COMPLETE
1,0.17033641168609764,2026-10-10 16:14:05.886263,2026-10-10 16:14:07.999695,0 days 00:00:02.113432,0.9702386553170644,0.03154052496956797,6,26.91585106789232,813,0.0019237305096546497,0.002231090560744304,0.827217824437573,,COMPLETE
2,0.1726419222182368,2026-10-10 16:14:07.999829,2026-10-10 16:14:09.298730,0 days 00:00:01.298901,0.9196634256866895,0.12113325685093146,2,43.63059526409414,801,0.07013219779945795,1.3246974647468452,0.9914473368931056,,COMPLETE
3,0.1629222928378953,2026-10-10 16:14:09.298759,2026-10-10 16:14:09.621113,0 days 00:00:00.322354,0.7658647759962094,0.0680074425948075,2,47.28877693542961,229,0.011434638743472197,1.250071223083626,0.8087393287000286,,COMPLETE
4,0.16054144683468624,2026-10-10 16:14:09.621141,2026-10-10 16:14:10.083713,0 days 00:00:00.462572,0.8467735987499028,0.054897127184964416,4,31.264139356717976,116,5.9565160187105715,0.5336803302756714,0.8448382890889685,,COMPLETE
5,0.18353454594132312,2026-10-10 16:14:10.083741,2026-10-10 16:14:12.028247,0 days 00:00:01.944506,0.8682551478472638,0.03703323754998522,3,3.951048109834222,728,0.0069427294924301495,0.0032787264983352763,0.8667066861782671,,COMPLETE
6,0.171000471298836,2026-10-10 16:14:12.028326,2026-10-10 16:14:13.229658,0 days 00:00:01.201332,0.6408179242992113,0.029730254214469846,3,22.4914741596537,613,0.006847105576684045,0.004418125737902547,0.9953495352236905,,COMPLETE
7,0.16662043363149834,2026-10-10 16:14:13.229692,2026-10-10 16:14:14.333275,0 days 00:00:01.103583,0.644150056465722,0.021356986471473192,5,12.976854008078535,520,0.42200573971950167,0.003570522756718293,0.6635878334582078,,COMPLETE
8,0.1563700672443023,2026-10-10 16:14:14.333303,2026-10-10 16:14:15.202494,0 days 00:00:00.869191,0.6384393631575852,0.03018022736113482,2,5.757962513860003,839,8.050778165087026,0.07492121411354245,0.9351779629995216,,COMPLETE
9,0.21360517352636754,2026-10-10 16:14:15.202523,2026-10-10 16:14:16.929678,0 days 00:00:01.727155,0.6480786244852675,0.061224065356728224,6,2.9202018204617133,766,0.015295398277813739,0.002984770033451216,0.7131227850305638,,COMPLETE
10,0.183702512081186,2026-10-10 16:14:16.929706,2026-10-10 16:14:18.357911,0 days 00:00:01.428205,0.8538838274475309,0.030187658822602638,5,2.065898691921298,551,0.6135856118678615,0.0052194128043833365,0.9761434017276905,"{""colsample_bytree"": 0.8538838274475309, ""learning_rate"": 0.030187658822602638, ""max_depth"": 5, ""min_child_weight"": 2.065898691921298, ""n_estimators"": 551, ""reg_alpha"": 0.6135856118678615, ""reg_lambda"": 0.0052194128043833365, ""subsample"": 0.9761434017276905}",COMPLETE
11,0.15950087255516482,2026-10-10 16:14:18.357943,2026-10-10 16:14:18.663386,0 days 00:00:00.305443,0.6280692185040886,0.016369908809849124,2,26.972035881472493,254,1.6520842105482996,0.06054831820655335,0.8559695782163388,"{""colsample_bytree"": 0.6280692185040886, ""learning_rate"": 0.016369908809849124, ""max_depth"": 2, ""min_child_weight"": 26.972035881472493, ""n_estimators"": 254, ""reg_alpha"": 1.6520842105482996, ""reg_lambda"": 0.06054831820655335, ""subsample"": 0.8559695782163388}",COMPLETE
12,0.16384112363620304,2026-10-10 16:14:18.663414,2026-10-10 16:14:19.351468,0 days 00:00:00.688054,0.6628803752896039,0.03857166867830467,2,9.521101537976168,550,3.4275489176156704,0.06891492710681571,0.8124520842076721,"{""colsample_bytree"": 0.6628803752896039, ""learning_rate"": 0.03857166867830467, ""max_depth"": 2, ""min_child_weight"": 9.521101537976168, ""n_estimators"": 550, ""reg_alpha"": 3.4275489176156704, ""reg_lambda"": 0.06891492710681571, ""subsample"": 0.8124520842076721}",COMPLETE
13,0.19471327236676145,2026-10-10 16:14:19.351500,2026-10-10 16:14:19.551943,0 days 00:00:00.200443,0.6046175021802382,0.013641026999062224,2,19.52306415544848,156,1.5320706625653946,0.057973492947428436,0.8134830892102558,"{""colsample_bytree"": 0.6046175021802382, ""learning_rate"": 0.013641026999062224, ""max_depth"": 2, ""min_child_weight"": 19.52306415544848, ""n_estimators"": 156, ""reg_alpha"": 1.5320706625653946, ""reg_lambda"": 0.057973492947428436, ""subsample"": 0.8134830892102558}",COMPLETE
14,0.17375515037760633,2026-10-10 16:14:19.551972,2026-10-10 16:14:20.737192,0 days 00:00:01.185220,0.6734804097486018,0.06967988403564727,2,4.419474540418223,905,2.6214158202429965,0.27872950653523487,0.942817927929542,"{""colsample_bytree"": 0.6734804097486018, ""learning_rate"": 0.06967988403564727, ""max_depth"": 2, ""min_child_weight"": 4.419474540418223, ""n_estimators"": 905, ""reg_alpha"": 2.6214158202429965, ""reg_lambda"": 0.27872950653523487, ""subsample"": 0.942817927929542}",COMPLETE
15,0.1708221125164704,2026-10-10 16:14:20.737222,2026-10-10 16:14:21.581385,0 days 00:00:00.844163,0.6254095031530114,0.03054507580199267,2,20.841503880998367,744,0.4329033189338553,0.35657105093288427,0.8881678302145097,"{""colsample_bytree"": 0.6254095031530114, ""learning_rate"": 0.03054507580199267, ""max_depth"": 2, ""min_child_weight"": 20.841503880998367, ""n_estimators"": 744, ""reg_alpha"": 0.4329033189338553, ""reg_lambda"": 0.35657105093288427, ""subsample"": 0.8881678302145097}",COMPLETE
16,0.16635822729603017,2026-10-10 16:14:21.581416,2026-10-10 16:14:23.098302,0 days 00:00:01.516886,0.6567243674724799,0.025736412835491083,3,21.076160285830674,765,3.951612860470202,0.012424737829891752,0.9321680406911661,"{""colsample_bytree"": 0.6567243674724799, ""learning_rate"": 0.025736412835491083, ""max_depth"": 3, ""min_child_weight"": 21.076160285830674, ""n_estimators"": 765, ""reg_alpha"": 3.951612860470202, ""reg_lambda"": 0.012424737829891752, ""subsample"": 0.9321680406911661}",COMPLETE
17,0.1625861252140945,2026-10-10 16:14:23.098332,2026-10-10 16:14:23.781843,0 days 00:00:00.683511,0.621604562090815,0.04033696673076685,2,47.43385089703035,392,7.946986304162025,0.05015598603806656,0.7986310940678985,"{""colsample_bytree"": 0.621604562090815, ""learning_rate"": 0.04033696673076685, ""max_depth"": 2, ""min_child_weight"": 47.43385089703035, ""n_estimators"": 392, ""reg_alpha"": 7.946986304162025, ""reg_lambda"": 0.05015598603806656, ""subsample"": 0.7986310940678985}",COMPLETE
18,0.16398609326807975,2026-10-10 16:14:23.781876,2026-10-10 16:14:25.548326,0 days 00:00:01.766450,0.7072351085223323,0.040294902781189676,3,6.354354529737671,586,5.653921152465368,0.03479866188155004,0.9296641006617279,"{""colsample_bytree"": 0.7072351085223323, ""learning_rate"": 0.040294902781189676, ""max_depth"": 3, ""min_child_weight"": 6.354354529737671, ""n_estimators"": 586, ""reg_alpha"": 5.653921152465368, ""reg_lambda"": 0.03479866188155004, ""subsample"": 0.9296641006617279}",COMPLETE
19,0.1552925888442163,2026-10-10 16:14:25.548360,2026-10-10 16:14:26.523084,0 days 00:00:00.974724,0.7321846086037233,0.016818548984523077,2,8.758606723789535,614,9.243653914188428,0.1757559482700865,0.8877843147964585,"{""colsample_bytree"": 0.7321846086037233, ""learning_rate"": 0.016818548984523077, ""max_depth"": 2, ""min_child_weight"": 8.758606723789535, ""n_estimators"": 614, ""reg_alpha"": 9.243653914188428, ""reg_lambda"": 0.1757559482700865, ""subsample"": 0.8877843147964585}",COMPLETE
20,0.15561277246288402,2026-10-10 16:14:26.523111,2026-10-10 16:14:27.412701,0 days 00:00:00.889590,0.7132005707658231,0.021120874368456704,2,9.286305521834935,787,9.425177352908403,0.03691309907072954,0.8520833645769437,"{""colsample_bytree"": 0.7132005707658231, ""learning_rate"": 0.021120874368456704, ""max_depth"": 2, ""min_child_weight"": 9.286305521834935, ""n_estimators"": 787, ""reg_alpha"": 9.425177352908403, ""reg_lambda"": 0.03691309907072954, ""subsample"": 0.8520833645769437}",COMPLETE
21,0.15916167885186921,2026-10-10 16:14:27.412767,2026-10-10 16:14:28.769930,0 days 00:00:01.357163,0.6791623057519635,0.024923877103043442,2,15.681554198694556,896,6.716168696790206,0.049524670659890344,0.8451564199716628,"{""colsample_bytree"": 0.6791623057519635, ""learning_rate"": 0.024923877103043442, ""max_depth"": 2, ""min_child_weight"": 15.681554198694556, ""n_estimators"": 896, ""reg_alpha"": 6.716168696790206, ""reg_lambda"": 0.049524670659890344, ""subsample"": 0.8451564199716628}",COMPLETE
22,0.15463001639690316,2026-10-10 16:14:28.769959,2026-10-10 16:14:29.433010,0 days 00:00:00.663051,0.7272210776078244,0.017006797131715164,2,12.971705233012653,488,4.348649597196471,0.03670888053040309,0.9074254506989917,"{""colsample_bytree"": 0.7272210776078244, ""learning_rate"": 0.017006797131715164, ""max_depth"": 2, ""min_child_weight"": 12.971705233012653, ""n_estimators"": 488, ""reg_alpha"": 4.348649597196471, ""reg_lambda"": 0.03670888053040309, ""subsample"": 0.9074254506989917}",COMPLETE
23,0.15715898115147114,2026-10-10 16:14:29.433061,2026-10-10 16:14:30.366273,0 days 00:00:00.933212,0.8057095720283005,0.03048449967329583,2,1.6303038788412199,824,7.919538440148244,0.09978831700442523,0.8730051874784079,"{""colsample_bytree"": 0.8057095720283005, ""learning_rate"": 0.03048449967329583, ""max_depth"": 2, ""min_child_weight"": 1.6303038788412199, ""n_estimators"": 824, ""reg_alpha"": 7.919538440148244, ""reg_lambda"": 0.09978831700442523, ""subsample"": 0.8730051874784079}",COMPLETE
24,0.16059860731939676,2026-10-10 16:14:30.366305,2026-10-10 16:14:31.302774,0 days 00:00:00.936469,0.7781292388068396,0.020665609263905992,2,8.472293034008567,787,2.633063937128177,0.05550661056115603,0.9413959489263581,"{""colsample_bytree"": 0.7781292388068396, ""learning_rate"": 0.020665609263905992, ""max_depth"": 2, ""min_child_weight"": 8.472293034008567, ""n_estimators"": 787, ""reg_alpha"": 2.633063937128177, ""reg_lambda"": 0.05550661056115603, ""subsample"": 0.9413959489263581}",COMPLETE
25,0.163287806774222,2026-10-10 16:14:31.302803,2026-10-10 16:14:32.642801,0 days 00:00:01.339998,0.7954158878251043,0.023816825967970533,3,7.451358509696185,827,5.918816693647195,0.06214031155753616,0.8121438941892763,"{""colsample_bytree"": 0.7954158878251043, ""learning_rate"": 0.023816825967970533, ""max_depth"": 3, ""min_child_weight"": 7.451358509696185, ""n_estimators"": 827, ""reg_alpha"": 5.918816693647195, ""reg_lambda"": 0.06214031155753616, ""subsample"": 0.8121438941892763}",COMPLETE
26,0.16489801524543307,2026-10-10 16:14:32.642831,2026-10-10 16:14:33.570195,0 days 00:00:00.927364,0.7780100402538521,0.022457685056682133,3,14.141044295653856,596,2.1413406260476715,0.08017005586136988,0.8173106603785917,"{""colsample_bytree"": 0.7780100402538521, ""learning_rate"": 0.022457685056682133, ""max_depth"": 3, ""min_child_weight"": 14.141044295653856, ""n_estimators"": 596, ""reg_alpha"": 2.1413406260476715, ""reg_lambda"": 0.08017005586136988, ""subsample"": 0.8173106603785917}",COMPLETE
27,0.1550983285760837,2026-10-10 16:14:33.570222,2026-10-10 16:14:34.355738,0 days 00:00:00.785516,0.6493588076918537,0.012468242504410433,2,5.698323260731911,646,7.304421285547141,0.02445302308808285,0.8101943811051345,"{""colsample_bytree"": 0.6493588076918537, ""learning_rate"": 0.012468242504410433, ""max_depth"": 2, ""min_child_weight"": 5.698323260731911, ""n_estimators"": 646, ""reg_alpha"": 7.304421285547141, ""reg_lambda"": 0.02445302308808285, ""subsample"": 0.8101943811051345}",COMPLETE
28,0.1549805047397032,2026-10-10 16:14:34.355768,2026-10-10 16:14:35.207883,0 days 00:00:00.852115,0.7369441581209302,0.012621268896913746,2,9.056133102798684,718,4.734052187867377,0.007120706729401191,0.8798126844948231,"{""colsample_bytree"": 0.7369441581209302, ""learning_rate"": 0.012621268896913746, ""max_depth"": 2, ""min_child_weight"": 9.056133102798684, ""n_estimators"": 718, ""reg_alpha"": 4.734052187867377, ""reg_lambda"": 0.007120706729401191, ""subsample"": 0.8798126844948231}",COMPLETE
29,0.15466623783805217,2026-10-10 16:14:35.207911,2026-10-10 16:14:36.033778,0 days 00:00:00.825867,0.8314841600372523,0.012206830427843587,2,6.792971839668503,684,5.2680090436197595,0.002910722805324633,0.8502143197711746,"{""colsample_bytree"": 0.8314841600372523, ""learning_rate"": 0.012206830427843587, ""max_depth"": 2, ""min_child_weight"": 6.792971839668503, ""n_estimators"": 684, ""reg_alpha"": 5.2680090436197595, ""reg_lambda"": 0.002910722805324633, ""subsample"": 0.8502143197711746}",COMPLETE
30,0.15869544634514382,2026-10-10 16:14:36.033806,2026-10-10 16:14:36.826741,0 days 00:00:00.792935,0.8073251664137266,0.017588557844386683,2,10.474071436155779,656,1.1632017680557083,0.006079836802640408,0.8388813285056973,"{""colsample_bytree"": 0.8073251664137266, ""learning_rate"": 0.017588557844386683, ""max_depth"": 2, ""min_child_weight"": 10.474071436155779, ""n_estimators"": 656, ""reg_alpha"": 1.1632017680557083, ""reg_lambda"": 0.006079836802640408, ""subsample"": 0.8388813285056973}",COMPLETE
31,0.1552004347234585,2026-10-10 16:14:36.826771,2026-10-10 16:14:37.530560,0 days 00:00:00.703789,0.609481998867174,0.017475330189607483,2,11.230379662861584,585,2.736813642351256,0.013146189143523888,0.8687732598151987,"{""colsample_bytree"": 0.609481998867174, ""learning_rate"": 0.017475330189607483, ""max_depth"": 2, ""min_child_weight"": 11.230379662861584, ""n_estimators"": 585, ""reg_alpha"": 2.736813642351256, ""reg_lambda"": 0.013146189143523888, ""subsample"": 0.8687732598151987}",COMPLETE
32,0.152837316959469,2026-10-10 16:14:37.530588,2026-10-10 16:14:38.238055,0 days 00:00:00.707467,0.646375555080956,0.010644171056947755,2,4.299427107546112,591,1.6620831823929942,0.00806281396732888,0.8075821585140036,"{""colsample_bytree"": 0.646375555080956, ""learning_rate"": 0.010644171056947755, ""max_depth"": 2, ""min_child_weight"": 4.299427107546112, ""n_estimators"": 591, ""reg_alpha"": 1.6620831823929942, ""reg_lambda"": 0.00806281396732888, ""subsample"": 0.8075821585140036}",COMPLETE
33,0.15797466646493014,2026-10-10 16:14:38.238085,2026-10-10 16:14:39.109450,0 days 00:00:00.871365,0.7744856909081331,0.018614912735662258,3,4.066492860713925,532,5.208055768668901,0.006925999696869357,0.8460251102224663,"{""colsample_bytree"": 0.7744856909081331, ""learning_rate"": 0.018614912735662258, ""max_depth"": 3, ""min_child_weight"": 4.066492860713925, ""n_estimators"": 532, ""reg_alpha"": 5.208055768668901, ""reg_lambda"": 0.006925999696869357, ""subsample"": 0.8460251102224663}",COMPLETE
34,0.1574242722461361,2026-10-10 16:14:39.109479,2026-10-10 16:14:40.044997,0 days 00:00:00.935518,0.7634108954104223,0.01911011320503483,2,16.42150350630522,793,7.773088343067255,0.001198717044512695,0.8683547750483742,"{""colsample_bytree"": 0.7634108954104223, ""learning_rate"": 0.01911011320503483, ""max_depth"": 2, ""min_child_weight"": 16.42150350630522, ""n_estimators"": 793, ""reg_alpha"": 7.773088343067255, ""reg_lambda"": 0.001198717044512695, ""subsample"": 0.8683547750483742}",COMPLETE
35,0.15371682390445332,2026-10-10 16:14:40.045024,2026-10-10 16:14:40.804754,0 days 00:00:00.759730,0.654227234060554,0.010665349322789404,2,8.957127801207733,622,1.4022928386066476,0.003876198642119866,0.7445105336482145,"{""colsample_bytree"": 0.654227234060554, ""learning_rate"": 0.010665349322789404, ""max_depth"": 2, ""min_child_weight"": 8.957127801207733, ""n_estimators"": 622, ""reg_alpha"": 1.4022928386066476, ""reg_lambda"": 0.003876198642119866, ""subsample"": 0.7445105336482145}",COMPLETE
36,0.1564993944555791,2026-10-10 16:14:40.804780,2026-10-10 16:14:41.432424,0 days 00:00:00.627644,0.6096528483321674,0.011191580863909688,2,18.754589455477962,519,1.0555480296464705,0.0028475713190761216,0.7494944683115147,"{""colsample_bytree"": 0.6096528483321674, ""learning_rate"": 0.011191580863909688, ""max_depth"": 2, ""min_child_weight"": 18.754589455477962, ""n_estimators"": 519, ""reg_alpha"": 1.0555480296464705, ""reg_lambda"": 0.0028475713190761216, ""subsample"": 0.7494944683115147}",COMPLETE
37,0.15243233199874384,2026-10-10 16:14:41.432451,2026-10-10 16:14:42.055868,0 days 00:00:00.623417,0.6943129257183714,0.01357034699436332,2,2.5246020913481537,494,2.646009138232311,0.004217722668762911,0.8785559540902963,"{""colsample_bytree"": 0.6943129257183714, ""learning_rate"": 0.01357034699436332, ""max_depth"": 2, ""min_child_weight"": 2.5246020913481537, ""n_estimators"": 494, ""reg_alpha"": 2.646009138232311, ""reg_lambda"": 0.004217722668762911, ""subsample"": 0.8785559540902963}",COMPLETE
38,0.1514995101574355,2026-10-10 16:14:42.055896,2026-10-10 16:14:42.656894,0 days 00:00:00.600998,0.7091990611254494,0.013443477053856904,2,3.5802820384126193,496,1.7225882832749764,0.007059130777022951,0.8941623165218741,"{""colsample_bytree"": 0.7091990611254494, ""learning_rate"": 0.013443477053856904, ""max_depth"": 2, ""min_child_weight"": 3.5802820384126193, ""n_estimators"": 496, ""reg_alpha"": 1.7225882832749764, ""reg_lambda"": 0.007059130777022951, ""subsample"": 0.8941623165218741}",COMPLETE
39,0.153144851024765,2026-10-10 16:14:42.656924,2026-10-10 16:14:43.279007,0 days 00:00:00.622083,0.7332335752307054,0.01670809688989853,2,11.195858982230899,427,3.0017291889616358,0.00695250954043983,0.9322620385259203,"{""colsample_bytree"": 0.7332335752307054, ""learning_rate"": 0.01670809688989853, ""max_depth"": 2, ""min_child_weight"": 11.195858982230899, ""n_estimators"": 427, ""reg_alpha"": 3.0017291889616358, ""reg_lambda"": 0.00695250954043983, ""subsample"": 0.9322620385259203}",COMPLETE
40,0.15368744147204866,2026-10-10 16:14:43.279041,2026-10-10 16:14:43.752924,0 days 00:00:00.473883,0.6575821721722648,0.012544472500258676,2,5.044662675228574,384,0.9745365181762722,0.0071894373423545856,0.8628526501566512,"{""colsample_bytree"": 0.6575821721722648, ""learning_rate"": 0.012544472500258676, ""max_depth"": 2, ""min_child_weight"": 5.044662675228574, ""n_estimators"": 384, ""reg_alpha"": 0.9745365181762722, ""reg_lambda"": 0.0071894373423545856, ""subsample"": 0.8628526501566512}",COMPLETE
41,0.15400356499807835,2026-10-10 16:14:43.752956,2026-10-10 16:14:44.225404,0 days 00:00:00.472448,0.7021986545439669,0.012581768852763226,2,7.215173426922019,399,1.5060680168655274,0.0187851908597817,0.8753134985995729,"{""colsample_bytree"": 0.7021986545439669, ""learning_rate"": 0.012581768852763226, ""max_depth"": 2, ""min_child_weight"": 7.215173426922019, ""n_estimators"": 399, ""reg_alpha"": 1.5060680168655274, ""reg_lambda"": 0.0187851908597817, ""subsample"": 0.8753134985995729}",COMPLETE
42,0.15402526911906161,2026-10-10 16:14:44.225432,2026-10-10 16:14:44.837307,0 days 00:00:00.611875,0.6974749882532092,0.014151606661853833,2,9.023681529790673,512,4.92853609125028,0.0038978736806853337,0.8616635183451475,"{""colsample_bytree"": 0.6974749882532092, ""learning_rate"": 0.014151606661853833, ""max_depth"": 2, ""min_child_weight"": 9.023681529790673, ""n_estimators"": 512, ""reg_alpha"": 4.92853609125028, ""reg_lambda"": 0.0038978736806853337, ""subsample"": 0.8616635183451475}",COMPLETE
43,0.1527951332759438,2026-10-10 16:14:44.837335,2026-10-10 16:14:45.618369,0 days 00:00:00.781034,0.6642463275729696,0.011957190214642763,2,6.238756413621248,657,0.8504223356835221,0.004224509136564013,0.930628592867032,"{""colsample_bytree"": 0.6642463275729696, ""learning_rate"": 0.011957190214642763, ""max_depth"": 2, ""min_child_weight"": 6.238756413621248, ""n_estimators"": 657, ""reg_alpha"": 0.8504223356835221, ""reg_lambda"": 0.004224509136564013, ""subsample"": 0.930628592867032}",COMPLETE
44,0.15604654215038674,2026-10-10 16:14:45.618397,2026-10-10 16:14:46.319830,0 days 00:00:00.701433,0.6967362621746274,0.018731213198285395,2,7.536751025174481,590,3.287839610457476,0.0014810545229416111,0.8399431059555694,"{""colsample_bytree"": 0.6967362621746274, ""learning_rate"": 0.018731213198285395, ""max_depth"": 2, ""min_child_weight"": 7.536751025174481, ""n_estimators"": 590, ""reg_alpha"": 3.287839610457476, ""reg_lambda"": 0.0014810545229416111, ""subsample"": 0.8399431059555694}",COMPLETE
45,0.15731164537873052,2026-10-10 16:14:46.319860,2026-10-10 16:14:47.239368,0 days 00:00:00.919508,0.686390890392882,0.01590386137012481,3,5.842664146397732,524,1.7715354641000831,0.014232912014714577,0.9475593221468017,"{""colsample_bytree"": 0.686390890392882, ""learning_rate"": 0.01590386137012481, ""max_depth"": 3, ""min_child_weight"": 5.842664146397732, ""n_estimators"": 524, ""reg_alpha"": 1.7715354641000831, ""reg_lambda"": 0.014232912014714577, ""subsample"": 0.9475593221468017}",COMPLETE
46,0.15238894906862582,2026-10-10 16:14:47.239396,2026-10-10 16:14:47.800028,0 days 00:00:00.560632,0.7128743292724774,0.017387784591995695,2,1.0087839974385728,449,1.638514948547403,0.010351143520344578,0.878515775023882,"{""colsample_bytree"": 0.7128743292724774, ""learning_rate"": 0.017387784591995695, ""max_depth"": 2, ""min_child_weight"": 1.0087839974385728, ""n_estimators"": 449, ""reg_alpha"": 1.638514948547403, ""reg_lambda"": 0.010351143520344578, ""subsample"": 0.878515775023882}",COMPLETE
47,0.15504083651434425,2026-10-10 16:14:47.800056,2026-10-10 16:14:48.333486,0 days 00:00:00.533430,0.7283277521188763,0.010566890757913157,2,4.691479580299788,438,1.6461391638840281,0.00680752502892965,0.844216095788425,"{""colsample_bytree"": 0.7283277521188763, ""learning_rate"": 0.010566890757913157, ""max_depth"": 2, ""min_child_weight"": 4.691479580299788, ""n_estimators"": 438, ""reg_alpha"": 1.6461391638840281, ""reg_lambda"": 0.00680752502892965, ""subsample"": 0.844216095788425}",COMPLETE
48,0.15297096873082555,2026-10-10 16:14:48.333513,2026-10-10 16:14:48.887225,0 days 00:00:00.553712,0.6801801193795487,0.017569552570730524,2,3.049830822949144,459,3.7320765063372883,0.003794222191609134,0.9130062645037393,"{""colsample_bytree"": 0.6801801193795487, ""learning_rate"": 0.017569552570730524, ""max_depth"": 2, ""min_child_weight"": 3.049830822949144, ""n_estimators"": 459, ""reg_alpha"": 3.7320765063372883, ""reg_lambda"": 0.003794222191609134, ""subsample"": 0.9130062645037393}",COMPLETE
49,0.1529422802652109,2026-10-10 16:14:48.887253,2026-10-10 16:14:49.613065,0 days 00:00:00.725812,0.7163442708186158,0.011905769251015866,2,5.650770876559486,605,3.4996977471885278,0.0070406957500111595,0.9386228598515601,"{""colsample_bytree"": 0.7163442708186158, ""learning_rate"": 0.011905769251015866, ""max_depth"": 2, ""min_child_weight"": 5.650770876559486, ""n_estimators"": 605, ""reg_alpha"": 3.4996977471885278, ""reg_lambda"": 0.0070406957500111595, ""subsample"": 0.9386228598515601}",COMPLETE
50,0.15263857917057025,2026-10-10 16:14:49.613095,2026-10-10 16:14:50.337646,0 days 00:00:00.724551,0.7711314222157484,0.011468681748471625,2,2.0768610797348996,582,2.2202103081167794,0.010581394038113506,0.8392161389166404,"{""colsample_bytree"": 0.7711314222157484, ""learning_rate"": 0.011468681748471625, ""max_depth"": 2, ""min_child_weight"": 2.0768610797348996, ""n_estimators"": 582, ""reg_alpha"": 2.2202103081167794, ""reg_lambda"": 0.010581394038113506, ""subsample"": 0.8392161389166404}",COMPLETE
51,0.15375494195667136,2026-10-10 16:14:50.337676,2026-10-10 16:14:51.002697,0 days 00:00:00.665021,0.7071210426621957,0.015412468608142708,2,4.011707869623152,547,0.933127371605984,0.0023392931657270875,0.8305202596660278,"{""colsample_bytree"": 0.7071210426621957, ""learning_rate"": 0.015412468608142708, ""max_depth"": 2, ""min_child_weight"": 4.011707869623152, ""n_estimators"": 547, ""reg_alpha"": 0.933127371605984, ""reg_lambda"": 0.0023392931657270875, ""subsample"": 0.8305202596660278}",COMPLETE
52,0.15335709052709892,2026-10-10 16:14:51.002727,2026-10-10 16:14:51.779345,0 days 00:00:00.776618,0.6400545655146377,0.010067009963408651,2,10.623601477004296,581,1.8102302218698292,0.005163120862477925,0.9429644088286027,"{""colsample_bytree"": 0.6400545655146377, ""learning_rate"": 0.010067009963408651, ""max_depth"": 2, ""min_child_weight"": 10.623601477004296, ""n_estimators"": 581, ""reg_alpha"": 1.8102302218698292, ""reg_lambda"": 0.005163120862477925, ""subsample"": 0.9429644088286027}",COMPLETE
53,0.15321338960966618,2026-10-10 16:14:51.779375,2026-10-10 16:14:52.405507,0 days 00:00:00.626132,0.6896694671884929,0.015821529419666337,2,2.5629224992100514,514,1.5861992872060215,0.00856821010615553,0.7974066902370598,"{""colsample_bytree"": 0.6896694671884929, ""learning_rate"": 0.015821529419666337, ""max_depth"": 2, ""min_child_weight"": 2.5629224992100514, ""n_estimators"": 514, ""reg_alpha"": 1.5861992872060215, ""reg_lambda"": 0.00856821010615553, ""subsample"": 0.7974066902370598}",COMPLETE
54,0.15408388202687048,2026-10-10 16:14:52.405537,2026-10-10 16:14:53.650353,0 days 00:00:01.244816,0.6760070748103921,0.014075984360779224,2,11.282910204526736,617,0.6663891483410125,0.002717941725466885,0.9455657612890759,"{""colsample_bytree"": 0.6760070748103921, ""learning_rate"": 0.014075984360779224, ""max_depth"": 2, ""min_child_weight"": 11.282910204526736, ""n_estimators"": 617, ""reg_alpha"": 0.6663891483410125, ""reg_lambda"": 0.002717941725466885, ""subsample"": 0.9455657612890759}",COMPLETE
55,0.151568537401062,2026-10-10 16:14:53.650413,2026-10-10 16:14:55.427214,0 days 00:00:01.776801,0.7655017980733594,0.012355017840768074,2,1.8504535084698985,538,0.5017548128477425,0.010726913283854316,0.8670972158876206,"{""colsample_bytree"": 0.7655017980733594, ""learning_rate"": 0.012355017840768074, ""max_depth"": 2, ""min_child_weight"": 1.8504535084698985, ""n_estimators"": 538, ""reg_alpha"": 0.5017548128477425, ""reg_lambda"": 0.010726913283854316, ""subsample"": 0.8670972158876206}",COMPLETE
56,0.1561129165069331,2026-10-10 16:14:55.427261,2026-10-10 16:14:56.214882,0 days 00:00:00.787621,0.7611529112471352,0.010371657071473247,2,5.342943508133212,460,4.496490354490852,0.01870273349074567,0.8667926374124739,"{""colsample_bytree"": 0.7611529112471352, ""learning_rate"": 0.010371657071473247, ""max_depth"": 2, ""min_child_weight"": 5.342943508133212, ""n_estimators"": 460, ""reg_alpha"": 4.496490354490852, ""reg_lambda"": 0.01870273349074567, ""subsample"": 0.8667926374124739}",COMPLETE
57,0.1526927048386694,2026-10-10 16:14:56.214910,2026-10-10 16:14:56.923883,0 days 00:00:00.708973,0.6893659944864676,0.01660084326506571,2,1.6379569657472297,461,3.6575127150765416,0.012779041279788447,0.886769676348809,"{""colsample_bytree"": 0.6893659944864676, ""learning_rate"": 0.01660084326506571, ""max_depth"": 2, ""min_child_weight"": 1.6379569657472297, ""n_estimators"": 461, ""reg_alpha"": 3.6575127150765416, ""reg_lambda"": 0.012779041279788447, ""subsample"": 0.886769676348809}",COMPLETE
58,0.15492711561570827,2026-10-10 16:14:56.923912,2026-10-10 16:14:57.955298,0 days 00:00:01.031386,0.7587182261438874,0.01793988768687665,2,4.772605477585529,537,0.858641957525685,0.006139765787512769,0.8605802146825828,"{""colsample_bytree"": 0.7587182261438874, ""learning_rate"": 0.01793988768687665, ""max_depth"": 2, ""min_child_weight"": 4.772605477585529, ""n_estimators"": 537, ""reg_alpha"": 0.858641957525685, ""reg_lambda"": 0.006139765787512769, ""subsample"": 0.8605802146825828}",COMPLETE
59,0.15163659619358932,2026-10-10 16:14:57.955716,2026-10-10 16:14:58.588078,0 days 00:00:00.632362,0.7417013771173524,0.014042296080031302,2,4.103644335468454,440,1.336687235383834,0.016241361989672094,0.9000273033765146,"{""colsample_bytree"": 0.7417013771173524, ""learning_rate"": 0.014042296080031302, ""max_depth"": 2, ""min_child_weight"": 4.103644335468454, ""n_estimators"": 440, ""reg_alpha"": 1.336687235383834, ""reg_lambda"": 0.016241361989672094, ""subsample"": 0.9000273033765146}",COMPLETE
60,0.15483264351654927,2026-10-10 16:14:58.588106,2026-10-10 16:14:59.172879,0 days 00:00:00.584773,0.7405655311018767,0.010216256927869208,2,7.395973868575474,444,1.0001092306492783,0.033836660943477405,0.9138588925115264,"{""colsample_bytree"": 0.7405655311018767, ""learning_rate"": 0.010216256927869208, ""max_depth"": 2, ""min_child_weight"": 7.395973868575474, ""n_estimators"": 444, ""reg_alpha"": 1.0001092306492783, ""reg_lambda"": 0.033836660943477405, ""subsample"": 0.9138588925115264}",COMPLETE
61,0.1560074088987197,2026-10-10 16:14:59.172910,2026-10-10 16:14:59.877415,0 days 00:00:00.704505,0.6502497723466586,0.021739764740241654,2,3.4368037805945195,555,2.4333415280146693,0.013226437760259804,0.9003875735568109,"{""colsample_bytree"": 0.6502497723466586, ""learning_rate"": 0.021739764740241654, ""max_depth"": 2, ""min_child_weight"": 3.4368037805945195, ""n_estimators"": 555, ""reg_alpha"": 2.4333415280146693, ""reg_lambda"": 0.013226437760259804, ""subsample"": 0.9003875735568109}",COMPLETE
62,0.1523058082229522,2026-10-10 16:14:59.877445,2026-10-10 16:15:00.643016,0 days 00:00:00.765571,0.7679805895561456,0.012857569232899827,2,3.849319878371912,565,0.49899417620550346,0.007823107800709366,0.8565943423897504,"{""colsample_bytree"": 0.7679805895561456, ""learning_rate"": 0.012857569232899827, ""max_depth"": 2, ""min_child_weight"": 3.849319878371912, ""n_estimators"": 565, ""reg_alpha"": 0.49899417620550346, ""reg_lambda"": 0.007823107800709366, ""subsample"": 0.8565943423897504}",COMPLETE
63,0.15351153728162842,2026-10-10 16:15:00.643056,2026-10-10 16:15:01.218163,0 days 00:00:00.575107,0.729022204854749,0.017433162255190485,2,7.575720373982231,456,3.934434955432902,0.012683927953110415,0.8895859019034162,"{""colsample_bytree"": 0.729022204854749, ""learning_rate"": 0.017433162255190485, ""max_depth"": 2, ""min_child_weight"": 7.575720373982231, ""n_estimators"": 456, ""reg_alpha"": 3.934434955432902, ""reg_lambda"": 0.012683927953110415, ""subsample"": 0.8895859019034162}",COMPLETE
64,0.15264947450438554,2026-10-10 16:15:01.218237,2026-10-10 16:15:02.262897,0 days 00:00:01.044660,0.8067204429067103,0.013450803587736926,2,1.30761277522046,614,1.2341480796603828,0.011279741699422165,0.8600649975944349,"{""colsample_bytree"": 0.8067204429067103, ""learning_rate"": 0.013450803587736926, ""max_depth"": 2, ""min_child_weight"": 1.30761277522046, ""n_estimators"": 614, ""reg_alpha"": 1.2341480796603828, ""reg_lambda"": 0.011279741699422165, ""subsample"": 0.8600649975944349}",COMPLETE
65,0.15211972682010488,2026-10-10 16:15:02.262927,2026-10-10 16:15:03.038113,0 days 00:00:00.775186,0.752763057710949,0.013628580606953553,2,7.307802195782887,465,0.48088988387381465,0.004818206112372703,0.8561208906308971,"{""colsample_bytree"": 0.752763057710949, ""learning_rate"": 0.013628580606953553, ""max_depth"": 2, ""min_child_weight"": 7.307802195782887, ""n_estimators"": 465, ""reg_alpha"": 0.48088988387381465, ""reg_lambda"": 0.004818206112372703, ""subsample"": 0.8561208906308971}",COMPLETE
66,0.15181329865351717,2026-10-10 16:15:03.038155,2026-10-10 16:15:03.686200,0 days 00:00:00.648045,0.7024893555436169,0.0173122939756539,2,2.058029603718106,462,0.9785385772855207,0.0098602804632263,0.9409826415766818,"{""colsample_bytree"": 0.7024893555436169, ""learning_rate"": 0.0173122939756539, ""max_depth"": 2, ""min_child_weight"": 2.058029603718106, ""n_estimators"": 462, ""reg_alpha"": 0.9785385772855207, ""reg_lambda"": 0.0098602804632263, ""subsample"": 0.9409826415766818}",COMPLETE
67,0.15156873931962186,2026-10-10 16:15:03.686235,2026-10-10 16:15:04.383070,0 days 00:00:00.696835,0.7861015636467278,0.013295567831342203,2,3.7440886197868126,515,0.36722742038760847,0.008310717527295092,0.881208079176513,"{""colsample_bytree"": 0.7861015636467278, ""learning_rate"": 0.013295567831342203, ""max_depth"": 2, ""min_child_weight"": 3.7440886197868126, ""n_estimators"": 515, ""reg_alpha"": 0.36722742038760847, ""reg_lambda"": 0.008310717527295092, ""subsample"": 0.881208079176513}",COMPLETE
68,0.15290016559965486,2026-10-10 16:15:04.383099,2026-10-10 16:15:05.243035,0 days 00:00:00.859936,0.7785030063870713,0.012482121098930822,2,4.672390933288439,581,0.3174087110168095,0.006090361836215662,0.8658358537710734,"{""colsample_bytree"": 0.7785030063870713, ""learning_rate"": 0.012482121098930822, ""max_depth"": 2, ""min_child_weight"": 4.672390933288439, ""n_estimators"": 581, ""reg_alpha"": 0.3174087110168095, ""reg_lambda"": 0.006090361836215662, ""subsample"": 0.8658358537710734}",COMPLETE
69,0.1510855043517522,2026-10-10 16:15:05.243090,2026-10-10 16:15:05.758758,0 days 00:00:00.515668,0.6754279398039361,0.015617691738731329,2,3.24636291738429,394,1.1527181430789475,0.031090603954455336,0.9476440707630429,"{""colsample_bytree"": 0.6754279398039361, ""learning_rate"": 0.015617691738731329, ""max_depth"": 2, ""min_child_weight"": 3.24636291738429, ""n_estimators"": 394, ""reg_alpha"": 1.1527181430789475, ""reg_lambda"": 0.031090603954455336, ""subsample"": 0.9476440707630429}",COMPLETE
70,0.1521430167579069,2026-10-10 16:15:05.758785,2026-10-10 16:15:06.342645,0 days 00:00:00.583860,0.7856543097866516,0.01601206787709132,2,6.924086835709339,451,1.2710884777550298,0.00626493520817535,0.9423053987716936,"{""colsample_bytree"": 0.7856543097866516, ""learning_rate"": 0.01601206787709132, ""max_depth"": 2, ""min_child_weight"": 6.924086835709339, ""n_estimators"": 451, ""reg_alpha"": 1.2710884777550298, ""reg_lambda"": 0.00626493520817535, ""subsample"": 0.9423053987716936}",COMPLETE
71,0.1533717186821048,2026-10-10 16:15:06.342673,2026-10-10 16:15:07.037726,0 days 00:00:00.695053,0.7565689071841518,0.011351082178356918,2,2.9174287594661577,497,3.4905200260847375,0.006578577169091986,0.8894084424733331,"{""colsample_bytree"": 0.7565689071841518, ""learning_rate"": 0.011351082178356918, ""max_depth"": 2, ""min_child_weight"": 2.9174287594661577, ""n_estimators"": 497, ""reg_alpha"": 3.4905200260847375, ""reg_lambda"": 0.006578577169091986, ""subsample"": 0.8894084424733331}",COMPLETE
72,0.1523572678768768,2026-10-10 16:15:07.037754,2026-10-10 16:15:07.739327,0 days 00:00:00.701573,0.7193227498473956,0.010248316693074508,2,4.911938557180402,529,0.8904496577421951,0.012240957846112803,0.8723631873181731,"{""colsample_bytree"": 0.7193227498473956, ""learning_rate"": 0.010248316693074508, ""max_depth"": 2, ""min_child_weight"": 4.911938557180402, ""n_estimators"": 529, ""reg_alpha"": 0.8904496577421951, ""reg_lambda"": 0.012240957846112803, ""subsample"": 0.8723631873181731}",COMPLETE
73,0.15268689457737933,2026-10-10 16:15:07.739354,2026-10-10 16:15:08.500924,0 days 00:00:00.761570,0.7341025712275465,0.013761253634505706,2,2.5102681692923445,584,0.5972818537928033,0.019162698424087556,0.8805301468988708,"{""colsample_bytree"": 0.7341025712275465, ""learning_rate"": 0.013761253634505706, ""max_depth"": 2, ""min_child_weight"": 2.5102681692923445, ""n_estimators"": 584, ""reg_alpha"": 0.5972818537928033, ""reg_lambda"": 0.019162698424087556, ""subsample"": 0.8805301468988708}",COMPLETE
74,0.15205898136230803,2026-10-10 16:15:08.500952,2026-10-10 16:15:09.165080,0 days 00:00:00.664128,0.724094621027392,0.011639480144238497,2,2.5422240292974077,473,0.42843465441963446,0.01914950374813332,0.8846445814210343,"{""colsample_bytree"": 0.724094621027392, ""learning_rate"": 0.011639480144238497, ""max_depth"": 2, ""min_child_weight"": 2.5422240292974077, ""n_estimators"": 473, ""reg_alpha"": 0.42843465441963446, ""reg_lambda"": 0.01914950374813332, ""subsample"": 0.8846445814210343}",COMPLETE
75,0.15235087851807566,2026-10-10 16:15:09.165111,2026-10-10 16:15:09.794694,0 days 00:00:00.629583,0.7501383188608238,0.012117287663139914,2,3.960777699745952,438,0.4614864596938611,0.019858303416759385,0.8676604706788325,"{""colsample_bytree"": 0.7501383188608238, ""learning_rate"": 0.012117287663139914, ""max_depth"": 2, ""min_child_weight"": 3.960777699745952, ""n_estimators"": 438, ""reg_alpha"": 0.4614864596938611, ""reg_lambda"": 0.019858303416759385, ""subsample"": 0.8676604706788325}",COMPLETE
76,0.15188131593830007,2026-10-10 16:15:09.794734,2026-10-10 16:15:10.598448,0 days 00:00:00.803714,0.7499239837529885,0.010519640561889197,2,1.743769218492864,516,0.34016472042610807,0.018563451783683856,0.8505482513058699,"{""colsample_bytree"": 0.7499239837529885, ""learning_rate"": 0.010519640561889197, ""max_depth"": 2, ""min_child_weight"": 1.743769218492864, ""n_estimators"": 516, ""reg_alpha"": 0.34016472042610807, ""reg_lambda"": 0.018563451783683856, ""subsample"": 0.8505482513058699}",COMPLETE
77,0.15207136710347155,2026-10-10 16:15:10.598480,2026-10-10 16:15:11.154503,0 days 00:00:00.556023,0.7787789658191587,0.015162379766744621,2,3.8236138686740726,444,0.3794906621774667,0.005238532638165111,0.884391475938703,"{""colsample_bytree"": 0.7787789658191587, ""learning_rate"": 0.015162379766744621, ""max_depth"": 2, ""min_child_weight"": 3.8236138686740726, ""n_estimators"": 444, ""reg_alpha"": 0.3794906621774667, ""reg_lambda"": 0.005238532638165111, ""subsample"": 0.884391475938703}",COMPLETE
78,0.15146500842497473,2026-10-10 16:15:11.154536,2026-10-10 16:15:11.831390,0 days 00:00:00.676854,0.7791330179591663,0.012082500931360395,2,1.1832757317093447,495,0.49760000658011344,0.02128623658639524,0.8763179010043051,"{""colsample_bytree"": 0.7791330179591663, ""learning_rate"": 0.012082500931360395, ""max_depth"": 2, ""min_child_weight"": 1.1832757317093447, ""n_estimators"": 495, ""reg_alpha"": 0.49760000658011344, ""reg_lambda"": 0.02128623658639524, ""subsample"": 0.8763179010043051}",COMPLETE
79,0.15207761916652202,2026-10-10 16:15:11.831420,2026-10-10 16:15:12.417232,0 days 00:00:00.585812,0.7380564112131015,0.01768855837897823,2,4.763405048558458,411,1.005441861750417,0.014746709991924735,0.9321659862427056,"{""colsample_bytree"": 0.7380564112131015, ""learning_rate"": 0.01768855837897823, ""max_depth"": 2, ""min_child_weight"": 4.763405048558458, ""n_estimators"": 411, ""reg_alpha"": 1.005441861750417, ""reg_lambda"": 0.014746709991924735, ""subsample"": 0.9321659862427056}",COMPLETE
80,0.15662531528741558,2026-10-10 16:15:12.417261,2026-10-10 16:15:13.003598,0 days 00:00:00.586337,0.7734724684568092,0.010084354273190562,2,3.0040374334395805,414,0.28936095179169247,0.028513890294663016,0.8456816739757581,"{""colsample_bytree"": 0.7734724684568092, ""learning_rate"": 0.010084354273190562, ""max_depth"": 2, ""min_child_weight"": 3.0040374334395805, ""n_estimators"": 414, ""reg_alpha"": 0.28936095179169247, ""reg_lambda"": 0.028513890294663016, ""subsample"": 0.8456816739757581}",COMPLETE
81,0.15477442731937896,2026-10-10 16:15:13.003627,2026-10-10 16:15:13.787167,0 days 00:00:00.783540,0.75425013019715,0.015720665327801607,2,4.6728982036923385,577,0.2919985641998338,0.014459040480148221,0.866478962725305,"{""colsample_bytree"": 0.75425013019715, ""learning_rate"": 0.015720665327801607, ""max_depth"": 2, ""min_child_weight"": 4.6728982036923385, ""n_estimators"": 577, ""reg_alpha"": 0.2919985641998338, ""reg_lambda"": 0.014459040480148221, ""subsample"": 0.866478962725305}",COMPLETE
82,0.15103329380960084,2026-10-10 16:15:13.787199,2026-10-10 16:15:14.448911,0 days 00:00:00.661712,0.7282624317025882,0.013500806041339143,2,3.6856962590029836,513,0.557040449483338,0.005149383194372934,0.8958604459771349,"{""colsample_bytree"": 0.7282624317025882, ""learning_rate"": 0.013500806041339143, ""max_depth"": 2, ""min_child_weight"": 3.6856962590029836, ""n_estimators"": 513, ""reg_alpha"": 0.557040449483338, ""reg_lambda"": 0.005149383194372934, ""subsample"": 0.8958604459771349}",COMPLETE
83,0.15195394416556934,2026-10-10 16:15:14.448941,2026-10-10 16:15:15.095445,0 days 00:00:00.646504,0.788442763678188,0.01384316595495175,2,3.4337133043109778,544,0.19072388598600215,0.011337319462920655,0.8897684540690073,"{""colsample_bytree"": 0.788442763678188, ""learning_rate"": 0.01384316595495175, ""max_depth"": 2, ""min_child_weight"": 3.4337133043109778, ""n_estimators"": 544, ""reg_alpha"": 0.19072388598600215, ""reg_lambda"": 0.011337319462920655, ""subsample"": 0.8897684540690073}",COMPLETE
84,0.15359619872794453,2026-10-10 16:15:15.095498,2026-10-10 16:15:15.707439,0 days 00:00:00.611941,0.6895135118618824,0.017514063075407444,2,5.523700453054724,483,1.4838201461814233,0.002918469650767424,0.8896474984731667,"{""colsample_bytree"": 0.6895135118618824, ""learning_rate"": 0.017514063075407444, ""max_depth"": 2, ""min_child_weight"": 5.523700453054724, ""n_estimators"": 483, ""reg_alpha"": 1.4838201461814233, ""reg_lambda"": 0.002918469650767424, ""subsample"": 0.8896474984731667}",COMPLETE
85,0.1517976682288466,2026-10-10 16:15:15.707467,2026-10-10 16:15:16.558357,0 days 00:00:00.850890,0.7172552019676208,0.010235138045290366,2,2.011779456796121,553,0.40314322685872855,0.021550842006468306,0.8568382901233267,"{""colsample_bytree"": 0.7172552019676208, ""learning_rate"": 0.010235138045290366, ""max_depth"": 2, ""min_child_weight"": 2.011779456796121, ""n_estimators"": 553, ""reg_alpha"": 0.40314322685872855, ""reg_lambda"": 0.021550842006468306, ""subsample"": 0.8568382901233267}",COMPLETE
86,0.1525605974201781,2026-10-10 16:15:16.558393,2026-10-10 16:15:17.132851,0 days 00:00:00.574458,0.7773387678491922,0.010290581983965721,2,1.5366193101339334,478,0.3862595517092729,0.03542631511587992,0.903679899324231,"{""colsample_bytree"": 0.7773387678491922, ""learning_rate"": 0.010290581983965721, ""max_depth"": 2, ""min_child_weight"": 1.5366193101339334, ""n_estimators"": 478, ""reg_alpha"": 0.3862595517092729, ""reg_lambda"": 0.03542631511587992, ""subsample"": 0.903679899324231}",COMPLETE
87,0.15143841768251495,2026-10-10 16:15:17.132880,2026-10-10 16:15:17.663199,0 days 00:00:00.530319,0.7258688052311989,0.014037318325811966,2,4.053787928188805,459,1.2480098084376003,0.00941438877527767,0.9010224351423276,"{""colsample_bytree"": 0.7258688052311989, ""learning_rate"": 0.014037318325811966, ""max_depth"": 2, ""min_child_weight"": 4.053787928188805, ""n_estimators"": 459, ""reg_alpha"": 1.2480098084376003, ""reg_lambda"": 0.00941438877527767, ""subsample"": 0.9010224351423276}",COMPLETE
88,0.1538434214768206,2026-10-10 16:15:17.663229,2026-10-10 16:15:18.301262,0 days 00:00:00.638033,0.7617478788958888,0.015686190304428412,2,4.882300712008547,537,0.474764759305337,0.016888300393621308,0.8394785958223943,"{""colsample_bytree"": 0.7617478788958888, ""learning_rate"": 0.015686190304428412, ""max_depth"": 2, ""min_child_weight"": 4.882300712008547, ""n_estimators"": 537, ""reg_alpha"": 0.474764759305337, ""reg_lambda"": 0.016888300393621308, ""subsample"": 0.8394785958223943}",COMPLETE
89,0.15259468489737918,2026-10-10 16:15:18.301290,2026-10-10 16:15:18.820642,0 days 00:00:00.519352,0.7047417615067858,0.012891138556081459,2,7.901703525156723,449,0.7341330173582982,0.007275406670795799,0.8850359916490019,"{""colsample_bytree"": 0.7047417615067858, ""learning_rate"": 0.012891138556081459, ""max_depth"": 2, ""min_child_weight"": 7.901703525156723, ""n_estimators"": 449, ""reg_alpha"": 0.7341330173582982, ""reg_lambda"": 0.007275406670795799, ""subsample"": 0.8850359916490019}",COMPLETE
90,0.1516242220978558,2026-10-10 16:15:18.820670,2026-10-10 16:15:19.402432,0 days 00:00:00.581762,0.7634719067382938,0.014781785556124733,2,3.089499540637303,472,0.45475001475766963,0.015222339324606548,0.8813809934166507,"{""colsample_bytree"": 0.7634719067382938, ""learning_rate"": 0.014781785556124733, ""max_depth"": 2, ""min_child_weight"": 3.089499540637303, ""n_estimators"": 472, ""reg_alpha"": 0.45475001475766963, ""reg_lambda"": 0.015222339324606548, ""subsample"": 0.8813809934166507}",COMPLETE
91,0.1520882825036778,2026-10-10 16:15:19.402461,2026-10-10 16:15:19.989891,0 days 00:00:00.587430,0.7593970252969696,0.01154605664283437,2,3.3530244695694438,493,0.6084933457565053,0.034110700776490074,0.87881780905026,"{""colsample_bytree"": 0.7593970252969696, ""learning_rate"": 0.01154605664283437, ""max_depth"": 2, ""min_child_weight"": 3.3530244695694438, ""n_estimators"": 493, ""reg_alpha"": 0.6084933457565053, ""reg_lambda"": 0.034110700776490074, ""subsample"": 0.87881780905026}",COMPLETE
92,0.15092428091932172,2026-10-10 16:15:19.989920,2026-10-10 16:15:20.554694,0 days 00:00:00.564774,0.8038329972325158,0.012548970986605595,2,1.2768843169879769,478,0.35500319701922495,0.01231502160541048,0.8857312255245763,"{""colsample_bytree"": 0.8038329972325158, ""learning_rate"": 0.012548970986605595, ""max_depth"": 2, ""min_child_weight"": 1.2768843169879769, ""n_estimators"": 478, ""reg_alpha"": 0.35500319701922495, ""reg_lambda"": 0.01231502160541048, ""subsample"": 0.8857312255245763}",COMPLETE
93,0.15236772761030318,2026-10-10 16:15:20.554722,2026-10-10 16:15:21.137870,0 days 00:00:00.583148,0.7197352025870866,0.013563956799562083,2,7.788129835491957,510,0.5092879079267835,0.009447129962176457,0.9012982023300181,"{""colsample_bytree"": 0.7197352025870866, ""learning_rate"": 0.013563956799562083, ""max_depth"": 2, ""min_child_weight"": 7.788129835491957, ""n_estimators"": 510, ""reg_alpha"": 0.5092879079267835, ""reg_lambda"": 0.009447129962176457, ""subsample"": 0.9012982023300181}",COMPLETE
94,0.15220498100789664,2026-10-10 16:15:21.137900,2026-10-10 16:15:21.669558,0 days 00:00:00.531658,0.7337320129203607,0.01614274277867695,2,6.3732802533479145,466,0.5580973366860756,0.006660174987664509,0.9343769555122055,"{""colsample_bytree"": 0.7337320129203607, ""learning_rate"": 0.01614274277867695, ""max_depth"": 2, ""min_child_weight"": 6.3732802533479145, ""n_estimators"": 466, ""reg_alpha"": 0.5580973366860756, ""reg_lambda"": 0.006660174987664509, ""subsample"": 0.9343769555122055}",COMPLETE
95,0.15160976741073046,2026-10-10 16:15:21.669588,2026-10-10 16:15:22.267719,0 days 00:00:00.598131,0.7092305897848171,0.011456882800475538,2,4.643155916634761,520,0.7559926593136554,0.00884259083815998,0.9108191980531434,"{""colsample_bytree"": 0.7092305897848171, ""learning_rate"": 0.011456882800475538, ""max_depth"": 2, ""min_child_weight"": 4.643155916634761, ""n_estimators"": 520, ""reg_alpha"": 0.7559926593136554, ""reg_lambda"": 0.00884259083815998, ""subsample"": 0.9108191980531434}",COMPLETE
96,0.1528909031790427,2026-10-10 16:15:22.267748,2026-10-10 16:15:22.773332,0 days 00:00:00.505584,0.744760646844232,0.011856233767228172,2,3.373819872304482,420,0.3887662138878218,0.03258922884633003,0.8959839562398001,"{""colsample_bytree"": 0.744760646844232, ""learning_rate"": 0.011856233767228172, ""max_depth"": 2, ""min_child_weight"": 3.373819872304482, ""n_estimators"": 420, ""reg_alpha"": 0.3887662138878218, ""reg_lambda"": 0.03258922884633003, ""subsample"": 0.8959839562398001}",COMPLETE
97,0.15206082344131402,2026-10-10 16:15:22.773364,2026-10-10 16:15:23.360397,0 days 00:00:00.587033,0.7755600117252908,0.014551834540058274,2,4.7355122136195265,501,0.6904775253757353,0.02404799126134099,0.8939636197844264,"{""colsample_bytree"": 0.7755600117252908, ""learning_rate"": 0.014551834540058274, ""max_depth"": 2, ""min_child_weight"": 4.7355122136195265, ""n_estimators"": 501, ""reg_alpha"": 0.6904775253757353, ""reg_lambda"": 0.02404799126134099, ""subsample"": 0.8939636197844264}",COMPLETE
98,0.1520839501702479,2026-10-10 16:15:23.360425,2026-10-10 16:15:23.986434,0 days 00:00:00.626009,0.7697891812630071,0.014237206530879112,2,5.129680649211015,519,0.47877390058810987,0.013162847703255178,0.9134043992507329,"{""colsample_bytree"": 0.7697891812630071, ""learning_rate"": 0.014237206530879112, ""max_depth"": 2, ""min_child_weight"": 5.129680649211015, ""n_estimators"": 519, ""reg_alpha"": 0.47877390058810987, ""reg_lambda"": 0.013162847703255178, ""subsample"": 0.9134043992507329}",COMPLETE
99,0.15102580272242547,2026-10-10 16:15:23.986461,2026-10-10 16:15:24.669463,0 days 00:00:00.683002,0.7000452173180952,0.012516529601542953,2,3.238463873687022,521,0.5038768187316671,0.004313131290568358,0.8864150443516914,"{""colsample_bytree"": 0.7000452173180952, ""learning_rate"": 0.012516529601542953, ""max_depth"": 2, ""min_child_weight"": 3.238463873687022, ""n_estimators"": 521, ""reg_alpha"": 0.5038768187316671, ""reg_lambda"": 0.004313131290568358, ""subsample"": 0.8864150443516914}",COMPLETE
