calibrator,target,threshold,realized_risk,bound_on_val_conformal,escalation,system_pass,oracle_pass_matched,regret,p4_raw_pass_matched,p4_raw_regret,accepted_error
uncalibrated,0.05,0.601696733502343,0.06325757575757576,0.04962406015037593,0.5772727272727273,0.5488636363636363,0.6143939393939394,0.06553030303030305,0.5488636363636363,0.06553030303030305,0.1496415770609319
uncalibrated,0.1,0.407132352417241,0.14090909090909093,0.09999999999999999,0.43787878787878787,0.5416666666666666,0.6143939393939394,0.07272727272727275,0.5416666666666666,0.07272727272727275,0.25067385444743934
uncalibrated,0.15,0.25886574725786377,0.19545454545454546,0.1496240601503759,0.3568181818181818,0.5359848484848485,0.6143939393939394,0.07840909090909087,0.5359848484848485,0.07840909090909087,0.303886925795053
platt,0.05,0.6453775242325702,0.06325757575757576,0.04962406015037593,0.5772727272727273,0.5488636363636363,0.6143939393939394,0.06553030303030305,0.5488636363636363,0.06553030303030305,0.1496415770609319
platt,0.1,0.4150762036114808,0.14090909090909093,0.09999999999999999,0.43787878787878787,0.5416666666666666,0.6143939393939394,0.07272727272727275,0.5416666666666666,0.07272727272727275,0.25067385444743934
platt,0.15,0.24037484164939382,0.19545454545454546,0.1496240601503759,0.3568181818181818,0.5359848484848485,0.6143939393939394,0.07840909090909087,0.5359848484848485,0.07840909090909087,0.303886925795053
iglb,0.05,0.601696733502343,0.06325757575757576,0.04962406015037593,0.5772727272727273,0.5488636363636363,0.6143939393939394,0.06553030303030305,0.5488636363636363,0.06553030303030305,0.1496415770609319
iglb,0.1,0.407132352417241,0.14090909090909093,0.09999999999999999,0.43787878787878787,0.5416666666666666,0.6143939393939394,0.07272727272727275,0.5416666666666666,0.07272727272727275,0.25067385444743934
iglb,0.15,0.25886574725786377,0.19545454545454546,0.1496240601503759,0.3568181818181818,0.5359848484848485,0.6143939393939394,0.07840909090909087,0.5359848484848485,0.07840909090909087,0.303886925795053
bmc,0.05,0.6355369555577934,0.06401515151515151,0.04962406015037593,0.5738636363636364,0.5492424242424242,0.6143939393939394,0.06515151515151518,0.5492424242424242,0.06515151515151518,0.15022222222222223
bmc,0.1,0.45803308831222034,0.14090909090909093,0.09999999999999999,0.43787878787878787,0.5416666666666666,0.6143939393939394,0.07272727272727275,0.5416666666666666,0.07272727272727275,0.25067385444743934
bmc,0.15,0.226807235061548,0.19545454545454546,0.1496240601503759,0.3568181818181818,0.5359848484848485,0.6143939393939394,0.07840909090909087,0.5359848484848485,0.07840909090909087,0.303886925795053
