feature,escalated_mean_logodds,accepted_mean_logodds,difference
sc_mean_sim,-0.31715513642319865,0.3015879138766917,-0.6187430502998903
sc_identical,-0.257368973257018,0.29367797540084023,-0.5510469486578582
structure_missing,-0.2764321470256027,0.2426659616074125,-0.5190981086330152
syntax_valid,-0.2764321470256027,0.2426659616074125,-0.5190981086330152
truncated,-0.21114744691114562,0.15758193246536192,-0.3687293793765075
sc_missing,-0.17423303863993975,0.1644949976498778,-0.3387280362898175
empty_code,-0.16756870077094993,0.160687601214789,-0.32825630198573896
code_lp_missing,-0.16682131948792728,0.14047249355484517,-0.3072938130427725
sc_others_empty,-0.14267934663511342,0.1334566554128295,-0.2761360020479429
all_std,-0.15334834247931395,0.10291941996821831,-0.25626776244753224
log_prompt_chars,-0.12448081583018257,0.12123785269816069,-0.24571866852834326
log_output_tokens,-0.13252858627279898,0.10714397381712633,-0.23967256008992532
all_p10,-0.14106396066447033,0.09804531581944963,-0.23910927648391994
avg_prob,-0.10810088639633127,0.07725208100222088,-0.18535296739855214
all_mean,-0.10029532044836356,0.07137902567504902,-0.1716743461234126
all_low,-0.09908877696097544,0.0449593148863051,-0.14404809184728054
nesting,0.07745758270193567,-0.06385800607680905,0.14131558877874473
log_code_chars,-0.059753832755519855,0.05558179804077763,-0.1153356307962975
functions,-0.02497822115427615,0.030703074074179267,-0.05568129522845541
log_code_lines,0.0177837154229019,-0.016532598773822377,0.034316314196724276
code_p10,-0.0069791119170194245,0.0025193931585934916,-0.009498505075612916
code_std,0.004493661487041941,-0.004977799927867914,0.009471461414909855
imports,-0.006257341935832776,0.0025625789090074967,-0.008819920844840273
loops,-0.008452575274373585,-0.009722889963540201,0.001270314689166616
branches,0.006658617037406881,0.007401208173784228,-0.0007425911363773468
code_mean,-0.00021277576730609627,-0.0001340634821611665,-7.871228514492976e-05
code_low,-2.517116712699652e-05,7.819451625094934e-06,-3.2990618752091455e-05
