,seed0,seed1,seed2,mean
log_code_lines,0.1292227118394599,0.12611439871989819,0.13839955071649426,0.13124555375861746
sc_mean_sim,0.12294616663341798,0.1230440459416014,0.12074930304851862,0.12224650520784601
syntax_valid,0.08545096891218909,0.08278746328677522,0.07425529762766725,0.08083124327554385
sc_others_empty,0.04119656626073618,0.04188850524034804,0.03901087898984256,0.04069865016364226
log_output_tokens,0.021640474952297914,0.0229124755468416,0.024160228364296932,0.022904392954478815
nesting,0.016148114266687292,0.018591441886064475,0.01954689755863959,0.018095484570463786
log_prompt_chars,0.013842069717744312,0.014197359739830356,0.014147548409112053,0.014062325955562241
structure_missing,0.011036170165135518,0.01260736117614087,0.01384544373211256,0.012496325024462983
log_code_chars,0.012689902138333646,0.014361656409411915,0.009279043331717186,0.01211020062648758
all_p10,0.010248102101074413,0.00922037946136863,0.00933846778380466,0.009602316448749234
all_std,0.005325722220302521,0.0045111107294433855,0.005045941361777308,0.004960924770507739
loops,0.004383473841292015,0.003546676959236586,0.003623705313502648,0.003851285371343749
code_mean,0.0040314577086536995,0.0033446897768316967,0.0037033709251719205,0.003693172803552439
functions,0.0007456323149814944,0.002324347214345588,0.003913091220454978,0.0023276902499273534
imports,0.002362620088449762,0.0022602210903976774,0.0019216074531902018,0.0021814828773458806
avg_prob,0.0014111720942927082,0.0023930777752754094,0.0011490629203674309,0.0016511042633118496
branches,0.0013834852571941911,0.001520666029881493,0.0013718876896045438,0.0014253463255600762
code_std,0.0010956715419742993,0.0009884402847376362,0.0010668521914201762,0.0010503213393773705
code_p10,0.0013935919652281695,0.0004974428317434234,0.0006109214469931611,0.0008339854146549181
all_mean,0.0004458302678832573,0.0,0.0014540281531929566,0.0006332861403587379
all_low,0.00034035921958359934,0.0008580663915524222,0.0006405592628864297,0.0006129949580074837
empty_code,0.0,0.0,0.0016392364119444402,0.0005464121373148134
sc_missing,0.0016134680154479262,0.0,0.0,0.0005378226718159754
code_lp_missing,0.0,0.0003373562921738135,0.0,0.00011245209739127117
sc_identical,0.0,0.0,0.00017829113468217472,5.943037822739157e-05
truncated,0.0,0.0,0.0,0.0
code_low,0.0,0.0,0.0,0.0
