,0
log_code_lines,0.13164478061736223
sc_mean_sim,0.12454047991123211
syntax_valid,0.07764260340367837
sc_others_empty,0.03840468847282713
log_output_tokens,0.022557373753692614
nesting,0.01832134433056548
log_prompt_chars,0.014029201146291807
structure_missing,0.013800482290827917
log_code_chars,0.01166334951691045
all_p10,0.009595865004025757
loops,0.0049341007041947115
code_mean,0.00491590078077222
all_std,0.004765775986857301
functions,0.0019768716926224475
avg_prob,0.001890670823076144
imports,0.0018387600415710832
code_std,0.0014499539347824755
branches,0.001346980182525225
sc_missing,0.0012269195812752373
code_p10,0.0009097193165388537
empty_code,0.000858741819263334
NOISE,0.0006794719870079937
all_mean,0.0005160706037991673
all_low,0.00034114689798864624
sc_identical,0.00021803393157495893
code_low,0.0
truncated,0.0
code_lp_missing,0.0
